"Test","Status","Detail"
"Role authentication","PASS","Admin, Instructor, Student authenticated"
"Reference data","PASS","Program=1 Course=1 Term=1 Instructor=4"
"Student CREATE","PASS","ID 105"
"Offering CREATE","PASS","ID 22"
"Offering READ","PASS","HTTP 200"
"Offering UPDATE","PASS","HTTP 200"
"Instructor assigned offering visible","PASS","HTTP 200"
"Enrollment CREATE","PASS","ID 203"
"Enrollment READ","PASS","HTTP 200"
"Enrollment UPDATE","PASS","HTTP 200"
"Academic record contains enrollment","PASS","HTTP 200"
"Instructor roster endpoint","PASS","HTTP 200"
"Student forbidden offering edit","PASS","HTTP 403, expected 403"
"Instructor forbidden enrollment edit","PASS","HTTP 403, expected 403"
"Instructor invalid grade rejected","PASS","HTTP 422, expected 422"
"Student forbidden grade creation","PASS","HTTP 403, expected 403"
"Instructor invalid grade update rejected","PASS","HTTP 404, expected 404"
"Live grade create/update","PASS","SKIPPED intentionally: grade deletion API unavailable; no persistent grade created"
"Enrollment cleanup","PASS","DELETE 204, GET 404"
"Offering cleanup","PASS","DELETE 204, GET 404"
"Student cleanup","PASS","DELETE 204, GET 404"
